team name,player name,games,wins,win percentage,score,score per game,goals,goals per game,assists,assists per game,saves,saves per game,shots,shots per game,shots conceded,shots conceded per game,goals conceded,goals conceded per game,goals conceded while last defender,goals conceded while last defender per game,shooting percentage,bpm per game,avg boost amount per game,amount collected,amount collected per game,amount collected big pads,amount collected big pads per game,amount collected small pads,amount collected small pads per game,count collected big pads,count collected big pads per game,count collected small pads,count collected small pads per game,amount stolen,amount stolen per game,amount stolen big pads,amount stolen big pads per game,amount stolen small pads,amount stolen small pads per game,count stolen big pads,count stolen big pads per game,count stolen small pads,count stolen small pads per game,0 boost time,0 boost time per game,100 boost time,100 boost time per game,amount used while supersonic,amount used while supersonic per game,amount overfill total,amount overfill total per game,amount overfill stolen,amount overfill stolen per game,avg speed per game,total distance,total distance per game,time slow speed,time slow speed per game,time boost speed,time boost speed per game,time supersonic speed,time supersonic speed per game,time on ground,time on ground per game,time low in air,time low in air per game,time high in air,time high in air per game,time powerslide,time powerslide per game,avg powerslide time per game,count powerslide,count powerslide per game,time most back,time most back per game,time most forward,time most forward per game,time in front of ball,time in front of ball per game,time behind ball,time behind ball per game,time defensive half,time defensive half per game,time offensive half,time offensive half per game,time defensive third,time defensive third per game,time neutral third,time neutral third per game,time offensive third,time offensive third per game,demos inflicted,demos inflicted per game,demos taken,demos taken per game
CLUELESS,Alex,53,24,45.28,26623,502.32,64,1.21,35,0.66,88,1.66,186,3.51,397,7.49,142,2.68,72,1.36,34.41,405.81,51.2,126885,2394.06,98812,1864.38,28073,529.68,1217,22.96,2448,46.19,26111,492.66,17731,334.55,8380,158.11,218,4.11,716,13.51,2250.6,42.46,1786.08,33.7,14534,274.23,20809,392.62,3516,66.34,1589.75,28932862,545903.06,8236.3,155.4,8023.61,151.39,3168.64,59.79,10363.58,195.54,8202.85,154.77,862.12,16.27,473,8.92,0.1,4547,85.79,6409.8,120.94,6476.1,122.19,4842.66,91.37,14585.93,275.21,12906.6,243.52,6521.96,123.06,9921.72,187.2,5600.43,105.67,3906.44,73.71,50,0.94,36,0.68
EPIC GAMERS,Bandit,1,1,100.00,0,0,0,0,0,0,0,0,0,0,9,9,2,2,0,0,0,260,43.66,116,116,100,100,16,16,1,1,2,2,16,16,0,0,16,16,0,0,2,2,12.91,12.91,0.11,0.11,31,31,0,0,0,0,1367,44487,44487,20.95,20.95,11.27,11.27,0.46,0.46,30.05,30.05,2.64,2.64,0,0,0.22,0.22,0.22,1,1,11.2,11.2,7.6,7.6,6.41,6.41,26.28,26.28,20.75,20.75,11.94,11.94,16.1,16.1,9.28,9.28,7.31,7.31,0,0,0,0
EPIC GAMERS,Bo$$-key-yacht$,52,32,61.54,28220,542.69,92,1.77,32,0.62,71,1.37,232,4.46,385,7.4,133,2.56,44,0.85,39.66,440.83,47.13,136676,2628.38,102616,1973.38,34060,655,1225,23.56,2874,55.27,33525,644.71,22530,433.27,10995,211.44,264,5.08,914,17.58,2989.97,57.5,1602.21,30.81,24373,468.71,19663,378.13,3696,71.08,1664.55,29715156,571445.31,7178.11,138.04,7461.22,143.48,4492.76,86.4,9715.22,186.83,8490.66,163.28,926.12,17.81,393.54,7.57,0.1,3965,76.25,5256.7,101.09,7441.5,143.11,5488.26,105.54,13643.8,262.38,11898.17,228.81,7233.82,139.11,8853.75,170.26,5870.03,112.89,4408.26,84.77,63,1.21,39,0.75
THE RELIABLE 3RD,Brictone,52,24,46.15,13024,250.46,29,0.56,17,0.33,39,0.75,92,1.77,347,6.67,109,2.1,39,0.75,31.52,351.19,45.75,104932,2017.92,64066,1232.04,40866,785.88,780,15,3549,68.25,24426,469.73,12904,248.15,11522,221.58,160,3.08,996,19.15,1845.3,35.49,1168.87,22.48,13468,259,12960,249.23,2862,55.04,1509.64,25878408,497661.69,8462.05,162.73,7790.61,149.82,1849.72,35.57,11339.86,218.07,6170.55,118.66,591.98,11.38,333.14,6.41,0.11,2981,57.33,5145.2,98.95,6528.5,125.55,5644.54,108.55,12457.85,239.57,11687.18,224.75,6415.25,123.37,8475.95,163,5898.66,113.44,3727.83,71.69,25,0.48,40,0.77
BBQ PRINGLES,"Chyaboi""!",44,18,40.91,18829,427.93,54,1.23,18,0.41,64,1.45,154,3.5,321,7.3,115,2.61,49,1.11,35.06,395.56,49.04,98857,2246.75,73092,1661.18,25765,585.57,886,20.14,2168,49.27,21471,487.98,14399,327.25,7072,160.73,172,3.91,604,13.73,1525.09,34.66,1726.7,39.24,9661,219.57,13276,301.73,1699,38.61,1492.69,21807420,495623.19,7521.62,170.95,6106.49,138.78,1919.97,43.64,8825.85,200.59,6004.98,136.48,717.26,16.3,333.28,7.57,0.12,2761,62.75,4953.1,112.57,5020,114.09,4080.84,92.75,11467.19,260.62,10333.35,234.85,5214.78,118.52,7836.63,178.11,4596.32,104.46,3115.16,70.8,62,1.41,41,0.93
INFINITE ISSUES,Durian,51,17,33.33,13917,272.88,16,0.31,14,0.27,91,1.78,66,1.29,426,8.35,133,2.61,50,0.98,24.24,328.44,53.44,98548,1932.31,73154,1434.39,25394,497.92,861,16.88,2198,43.1,10343,202.8,6200,121.57,4143,81.24,76,1.49,371,7.27,1463.93,28.7,2987.93,58.59,6183,121.24,13046,255.8,1317,25.82,1391.29,23896280,468554.5,10362.83,203.19,6466.1,126.79,1359.14,26.65,12285.51,240.89,5482.5,107.5,420.09,8.24,658.94,12.92,0.14,4772,93.57,7694,150.86,4652.8,91.23,4239.9,83.14,13948.22,273.49,14107.07,276.61,4081.02,80.02,11123.59,218.11,4868.69,95.46,2195.82,43.06,23,0.45,28,0.55
TEAM GEORGE,Fernado,44,20,45.45,15498,352.23,35,0.8,24,0.55,48,1.09,115,2.61,308,7,112,2.55,35,0.8,30.43,398.09,46.67,102036,2319,69056,1569.45,32980,749.55,800,18.18,2865,65.11,22695,515.8,13430,305.23,9265,210.57,160,3.64,814,18.5,2711.03,61.61,1206.52,27.42,15887,361.07,9652,219.36,1953,44.39,1616.05,23994652,545333,6328.67,143.83,6361.2,144.57,3113.69,70.77,8714.34,198.05,6397.27,145.39,691.88,15.72,387.73,8.81,0.1,3737,84.93,4663.1,105.98,5539.4,125.9,4852.77,110.29,10950.7,248.88,9952.38,226.19,5851.1,132.98,7281.99,165.5,5028.97,114.29,3492.54,79.38,53,1.2,44,1
PEPPA PIGS,Goofy,26,14,53.85,10391,399.65,30,1.15,12,0.46,27,1.04,97,3.73,152,5.85,49,1.88,17,0.65,30.93,415.33,49.44,60439,2324.58,48787,1876.42,11652,448.15,575,22.12,1013,38.96,10599,407.65,6575,252.88,4024,154.77,73,2.81,354,13.62,1409.35,54.21,894.98,34.42,6854,263.62,7337,282.19,664,25.54,1559.17,13193475,507441.34,3849.94,148.07,4000.44,153.86,1133.78,43.61,5094.3,195.93,3518.85,135.34,370.99,14.27,235.41,9.05,0.1,2369,91.12,2880.5,110.79,2968.5,114.17,2286.87,87.96,6697.32,257.59,5558.29,213.78,3425.87,131.76,4157.15,159.89,2758.62,106.1,2068.4,79.55,23,0.88,20,0.77
PEPPA PIGS,Goofy,24,13,54.17,10679,444.96,30,1.25,13,0.54,35,1.46,93,3.88,164,6.83,58,2.42,26,1.08,32.26,406.46,49.37,57693,2403.88,47166,1965.25,10527,438.62,563,23.46,920,38.33,9391,391.29,6298,262.42,3093,128.88,69,2.88,264,11,1392.7,58.03,904.09,37.67,5062,210.92,7524,313.5,573,23.88,1555.43,12901237,537551.56,3821.7,159.24,3945.38,164.39,1051.44,43.81,5018.82,209.12,3418.81,142.45,380.86,15.87,242.66,10.11,0.11,2240,93.33,2752.3,114.68,2808.3,117.01,2392.39,99.68,6426.04,267.75,5657.51,235.73,3160.96,131.71,4257.77,177.41,2678.05,111.59,1882.64,78.44,14,0.58,21,0.88
UC SALTY SHORES,Graham Cracker,51,25,49.02,17030,333.92,37,0.73,33,0.65,52,1.02,116,2.27,361,7.08,118,2.31,38,0.75,31.9,365.2,48.84,110638,2169.37,79203,1553,31435,616.37,929,18.22,2705,53.04,19627,384.84,11273,221.04,8354,163.8,134,2.63,709,13.9,2145.06,42.06,1822.45,35.73,13443,263.59,13762,269.84,2208,43.29,1553.63,26844848,526369.56,7970.19,156.28,8030.42,157.46,2335.96,45.8,10589.84,207.64,7032.75,137.9,713.94,14,433.1,8.49,0.12,3666,71.88,6172.6,121.03,5885.9,115.41,5004.44,98.13,13332.18,261.42,12090.19,237.06,6246.35,122.48,9111.52,178.66,5534.09,108.51,3690.92,72.37,47,0.92,45,0.88
UC SALTY SHORES,GreenSleeves,51,25,49.02,22971,450.41,59,1.16,36,0.71,74,1.45,179,3.51,361,7.08,118,2.31,43,0.84,32.96,369.42,48.85,110930,2175.1,70628,1384.86,40302,790.24,846,16.59,3556,69.73,27449,538.22,15834,310.47,11615,227.75,189,3.71,1016,19.92,2139.82,41.96,1127.29,22.1,5668,111.14,10282,201.61,2506,49.14,1503.89,25904800,507937.25,8607.44,168.77,7630.58,149.62,2063.81,40.47,9972.32,195.54,7550.89,148.06,778.65,15.27,518.68,10.17,0.08,6207,121.71,4494.8,88.13,6556.5,128.56,5282.37,103.58,13019.48,255.28,11324.78,222.05,6976.95,136.8,8254.27,161.85,6070.63,119.03,3976.98,77.98,25,0.49,53,1.04
INFINITE ISSUES,Heater,1,0,0.00,0,0,0,0,0,0,0,0,0,0,11,11,2,2,0,0,0,0,0,0,0,0,0,0,0,0,0,0,0,0,0,0,0,0,0,0,0,0,0,0,0,0,0,0,0,0,0,0,0,0,0,0,0,0,0,0,0,0,0,0,0,0,0,0,0,0,0,0,0,0,0,0,0,0,0,0,0,0,0,0,0,0,0,0,0,0,0,0,0,0,0
THE RELIABLE 3RD,INF3CT3DS0LDI3R,52,24,46.15,20491,394.06,49,0.94,16,0.31,87,1.67,140,2.69,347,6.67,109,2.1,38,0.73,35,357.53,44.14,106104,2040.46,68565,1318.56,37539,721.9,831,15.98,3235,62.21,21718,417.65,11833,227.56,9885,190.1,144,2.77,851,16.37,2349.25,45.18,1533.83,29.5,19845,381.63,14458,278.04,2490,47.88,1514.3,25910692,498282.53,8246.87,158.59,7594.61,146.05,2245,43.17,10907.7,209.76,6508.85,125.17,669.9,12.88,426.15,8.2,0.12,3707,71.29,6234.6,119.9,5607.1,107.83,4573.25,87.95,13513.19,259.87,12258.11,235.73,5828.41,112.08,9369.87,180.19,5264.72,101.24,3451.91,66.38,45,0.87,47,0.9
ALT+F4,IX Mini,48,32,66.67,26324,548.42,84,1.75,22,0.46,82,1.71,197,4.1,307,6.4,87,1.81,35,0.73,42.64,453.46,52.47,132623,2762.98,100201,2087.52,32422,675.46,1240,25.83,2858,59.54,31292,651.92,20568,428.5,10724,223.42,253,5.27,935,19.48,1768.93,36.85,1487.73,30.99,27967,582.65,24217,504.52,4948,103.08,1659.65,27537000,573687.5,6485.63,135.12,7123.24,148.4,3997.88,83.29,10357.25,215.78,6406.63,133.47,842.88,17.56,304.42,6.34,0.13,2302,47.96,5022.7,104.64,6609.8,137.7,4310.43,89.8,13296.39,277.01,10890.37,226.88,6716.36,139.92,8108.28,168.92,5595.45,116.57,3903.06,81.31,58,1.21,38,0.79
GRANDPLATS,IX SoloQ,13,5,38.46,4064,312.62,4,0.31,13,1,16,1.23,21,1.62,103,7.92,37,2.85,9,0.69,19.05,451.73,44.6,34981,2690.85,26951,2073.15,8030,617.69,309,23.77,654,50.31,7789,599.15,5491,422.38,2298,176.77,63,4.85,189,14.54,837.27,64.41,454.84,34.99,6427,494.38,3931,302.38,813,62.54,1504.1,6752715,519439.62,2298.33,176.79,1739.52,133.81,770.42,59.26,2743.3,211.02,1825.72,140.44,239.24,18.4,58.12,4.47,0.15,381,29.31,1487.9,114.45,1739.8,133.83,1644.01,126.46,3164.21,243.4,3141.69,241.67,1666.48,128.19,2399.62,184.59,1391.99,107.08,1016.65,78.2,16,1.23,9,0.69
SAVAGE MODE,Invincible,53,23,43.40,20561,387.94,52,0.98,37,0.7,60,1.13,145,2.74,352,6.64,139,2.62,42,0.79,35.86,434.09,53.42,141388,2667.7,102801,1939.64,38587,728.06,1246,23.51,3335,62.92,33273,627.79,22564,425.74,10709,202.06,276,5.21,930,17.55,1763.78,33.28,1581.38,29.84,26004,490.64,22380,422.26,5000,94.34,1567.9,27845252,525382.12,8402.02,158.53,7506.5,141.63,3059.99,57.74,11585.99,218.6,6615.13,124.81,767.53,14.48,557.1,10.51,0.13,4222,79.66,5095.1,96.13,7167.4,135.23,6257.01,118.06,12711.62,239.84,12216.03,230.49,6752.49,127.41,8953.64,168.94,6049.99,114.15,3964.97,74.81,76,1.43,38,0.72
INFINITE ISSUES,JBassFox,51,17,33.33,16229,318.22,37,0.73,23,0.45,62,1.22,95,1.86,426,8.35,133,2.61,38,0.75,38.95,308.22,51.43,96225,1886.76,70186,1376.2,26039,510.57,872,17.1,2283,44.76,22759,446.25,15166,297.37,7593,148.88,185,3.63,671,13.16,1589.18,31.16,2130.04,41.77,5616,110.12,15616,306.2,2808,55.06,1496.66,25631004,502568.72,8576.74,168.17,7913.66,155.17,1675.89,32.86,10310.36,202.16,7096.41,139.15,759.44,14.89,416.14,8.16,0.09,4829,94.69,5331.2,104.53,6589.3,129.2,5729.8,112.35,12436.49,243.85,11819.7,231.76,6346.55,124.44,8972.76,175.94,5385.38,105.6,3808.11,74.67,21,0.41,36,0.71
UC SALTY SHORES,Kameron,51,25,49.02,9805,192.25,17,0.33,12,0.24,47,0.92,55,1.08,361,7.08,118,2.31,37,0.73,30.91,381.81,47.39,113006,2215.8,86889,1703.71,26117,512.1,1024,20.08,2190,42.94,18006,353.06,11802,231.41,6204,121.65,127,2.49,506,9.92,3036.33,59.54,2042.34,40.05,20530,402.55,15066,295.41,753,14.76,1502.2,25857892,507017.5,8559.31,167.83,7586.61,148.76,2135.33,41.87,11553.16,226.53,6268.11,122.9,459.91,9.02,222.92,4.37,0.12,1800,35.29,7490.9,146.88,5427.2,106.42,4671.39,91.6,13609.78,266.86,13021.64,255.33,5259.47,103.13,10198.87,199.98,5163.9,101.25,2918.39,57.22,46,0.9,44,0.86
Kameron with a C & Steve & Muffled,Kameron with a C,49,27,55.10,11316,230.94,27,0.55,20,0.41,46,0.94,91,1.86,337,6.88,109,2.22,20,0.41,29.67,340.94,50.75,100475,2050.51,68737,1402.8,31738,647.71,817,16.67,2698,55.06,17611,359.41,9210,187.96,8401,171.45,114,2.33,682,13.92,1795.32,36.64,1776.75,36.26,9074,185.18,13115,267.65,2211,45.12,1410.96,23685884,483385.38,9561.86,195.14,6907.55,140.97,1374.9,28.06,11567,236.06,5825.95,118.9,451.36,9.21,250.48,5.11,0.15,1681,34.31,6502.5,132.7,5251.5,107.17,4878.76,99.57,12965.56,264.6,11997.01,244.84,5847.32,119.33,9305.81,189.91,4977.35,101.58,3561.11,72.68,28,0.57,37,0.76
THE RELIABLE 3RD,Krystopher,52,24,46.15,12382,238.12,20,0.38,23,0.44,50,0.96,74,1.42,347,6.67,109,2.1,32,0.62,27.03,344.37,49.96,104078,2001.5,74141,1425.79,29937,575.71,893,17.17,2610,50.19,16775,322.6,9573,184.1,7202,138.5,120,2.31,615,11.83,1958.91,37.67,2122.56,40.82,12541,241.17,14064,270.46,1875,36.06,1432.42,24544208,472004,9171.58,176.38,7200.48,138.47,1740.06,33.46,10761.68,206.96,6730.47,129.43,619.95,11.92,305.43,5.87,0.17,1823,35.06,6619.3,127.29,5581.5,107.34,4933.13,94.87,13178.99,253.44,12497.84,240.34,5614.29,107.97,9675.27,186.06,5219.73,100.38,3217.09,61.87,22,0.42,35,0.67
PEPPA PIGS,Lalaluke413,50,27,54.00,9083,181.66,20,0.4,16,0.32,26,0.52,57,1.14,316,6.32,107,2.14,26,0.52,35.09,327.98,45.17,97559,1951.18,64705,1294.1,32854,657.08,730,14.6,2819,56.38,22533,450.66,13851,277.02,8682,173.64,165,3.3,752,15.04,2355.54,47.11,1415.1,28.3,11199,223.98,8163,163.26,2614,52.28,1348.89,22560000,451200,10195.93,203.92,6507.92,130.16,1123.15,22.46,12118.59,242.37,5371.69,107.43,336.77,6.74,717.07,14.34,0.18,3909,78.18,6393.6,127.87,6006.2,120.12,5549.02,110.98,12278.01,245.56,11334.83,226.7,6492.13,129.84,8352.71,167.05,5545.86,110.92,3928.43,78.57,56,1.12,28,0.56
EPIC GAMERS,Linus,52,32,61.54,9235,177.6,20,0.38,23,0.44,32,0.62,52,1,385,7.4,133,2.56,45,0.87,38.46,240.01,53.76,78009,1500.17,46638,896.88,31371,603.29,613,11.79,2717,52.25,13839,266.13,7401,142.33,6438,123.81,93,1.79,565,10.87,1232.44,23.7,1658.11,31.89,6849,131.71,15496,298,2026,38.96,1402.53,24870356,478276.06,10765.59,207.03,7044.37,135.47,1239.34,23.83,12807.38,246.3,5883.97,113.15,357.96,6.88,477.63,9.19,0.13,3583,68.9,6501.5,125.03,5315.2,102.22,5213.76,100.26,13835.56,266.07,13050.26,250.97,5999.05,115.37,9598.52,184.59,6289.25,120.95,3161.56,60.8,32,0.62,33,0.63
EPIC GAMERS,Maverick,1,1,100.00,85,85,0,0,0,0,1,1,1,1,6,6,2,2,0,0,0,203,33.14,212,212,138,138,74,74,2,2,7,7,49,49,0,0,49,49,0,0,5,5,18.84,18.84,0.65,0.65,65,65,61,61,0,0,1189,74274,74274,49.62,49.62,13.82,13.82,2.29,2.29,56.59,56.59,9.14,9.14,0,0,2.4,2.4,0.48,5,5,20.8,20.8,27.9,27.9,17.42,17.42,48.31,48.31,32.83,32.83,32.9,32.9,28.39,28.39,14.7,14.7,22.65,22.65,0,0,0,0
CLUELESS,Metarus,53,24,45.28,17094,322.53,46,0.87,24,0.45,54,1.02,137,2.58,397,7.49,142,2.68,34,0.64,33.58,332.79,51.41,105745,1995.19,68774,1297.62,36971,697.57,838,15.81,3189,60.17,20976,395.77,10945,206.51,10031,189.26,144,2.72,861,16.25,1892.31,35.7,1713.43,32.33,8662,163.43,15043,283.83,3292,62.11,1476.63,26825292,506137.59,9615.31,181.42,7845.45,148.03,1941.13,36.63,11224.31,211.78,7537.97,142.23,639.62,12.07,258,4.87,0.16,1664,31.4,4996,94.26,6775,127.83,5730.54,108.12,13671.32,257.95,12343.11,232.89,7058.78,133.18,9158.45,172.8,6067.57,114.48,4175.91,78.79,25,0.47,43,0.81
TEAM GEORGE,MiniMug,52,22,42.31,16193,311.4,29,0.56,20,0.38,74,1.42,101,1.94,376,7.23,131,2.52,47,0.9,28.71,360.55,47.55,108709,2090.56,79662,1531.96,29047,558.6,918,17.65,2557,49.17,15387,295.9,9520,183.08,5867,112.83,112,2.15,508,9.77,2758.68,53.05,1298.78,24.98,6771,130.21,10566,203.19,1495,28.75,1418.78,24742628,475819.78,9637.16,185.33,7284.62,140.09,1628.81,31.32,10575.77,203.38,7283.81,140.07,691.09,13.29,423.21,8.14,0.16,2606,50.12,8570.8,164.82,4377.6,84.18,4093.15,78.71,14457.54,278.03,13441.3,258.49,5109.25,98.25,10394.4,199.89,5289.25,101.72,2867.04,55.14,14,0.27,39,0.75
Kameron with a C & Steve & Muffled,Muffled,49,27,55.10,18087,369.12,47,0.96,39,0.8,58,1.18,133,2.71,337,6.88,109,2.22,35,0.71,35.34,363.61,48.32,105178,2146.49,75748,1545.88,29430,600.61,924,18.86,2616,53.39,27119,553.45,17717,361.57,9402,191.88,217,4.43,855,17.45,2173.05,44.35,1887.24,38.52,9849,201,16684,340.49,3925,80.1,1537.86,25849564,527542.12,7971.5,162.68,7535.91,153.79,2363.6,48.24,10034.76,204.79,7127.35,145.46,708.94,14.47,310.41,6.33,0.13,2486,50.73,5210.9,106.34,6299.1,128.55,5257.8,107.3,12613.23,257.41,10842.8,221.28,7028.19,143.43,7884.61,160.91,5775.4,117.87,4211,85.94,77,1.57,36,0.73
SAVAGE MODE,Naryoh,56,23,41.07,13401,239.3,33,0.59,21,0.38,39,0.7,106,1.89,384,6.86,150,2.68,55,0.98,31.13,354.16,44.09,113805,2032.23,80086,1430.11,33719,602.12,920,16.43,2784,49.71,16517,294.95,8204,146.5,8313,148.45,96,1.71,701,12.52,3885.35,69.38,1384.55,24.72,11743,209.7,11268,201.21,1306,23.32,1430.37,26681942,476463.25,10537.75,188.17,7486.38,133.69,1939.23,34.63,12812.92,228.8,6662.73,118.98,487.7,8.71,219.22,3.91,0.19,1153,20.59,7169,128.02,5667.1,101.2,5583.28,99.7,14380.13,256.79,13695.55,244.56,6267.78,111.92,10216.01,182.43,6320.98,112.87,3426.43,61.19,30,0.54,44,0.79
EPIC GAMERS,Outlaw,1,0,0.00,0,0,0,0,0,0,0,0,0,0,6,6,1,1,0,0,0,24,53.8,36,36,0,0,36,36,0,0,3,3,23,23,0,0,23,23,0,0,2,2,0,0,0,0,0,0,0,0,0,0,1103,23464,23464,20.74,20.74,0.43,0.43,0,0,20.97,20.97,0.2,0.2,0,0,0,0,0,0,0,12.9,12.9,0.3,0.3,0,0,21.17,21.17,6.41,6.41,14.77,14.77,2.52,2.52,13.58,13.58,5.07,5.07,0,0,0,0
LEBELT,Pacific,57,41,71.93,26233,460.23,70,1.23,41,0.72,84,1.47,215,3.77,377,6.61,97,1.7,40,0.7,32.56,397.13,50.51,133238,2337.51,91893,1612.16,41345,725.35,1083,19,3615,63.42,28751,504.4,16778,294.35,11973,210.05,207,3.63,1066,18.7,2131.75,37.4,1271.06,22.3,7334,128.67,16602,291.26,3750,65.79,1534.24,29704776,521136.41,9512.64,166.89,8566.88,150.3,2502.97,43.91,11673.31,204.79,8123.59,142.52,785.64,13.78,354.99,6.23,0.08,4297,75.39,6566,115.19,6474.7,113.59,5007.55,87.85,15575.01,273.25,13098.48,229.8,7484.08,131.3,9894.95,173.6,6205.28,108.86,4482.34,78.64,33,0.58,47,0.82
BBQ PRINGLES,RJ5588,44,18,40.91,10675,242.61,18,0.41,15,0.34,40,0.91,80,1.82,321,7.3,115,2.61,29,0.66,22.5,411.89,48.33,105175,2390.34,84576,1922.18,20599,468.16,987,22.43,1730,39.32,21728,493.82,15556,353.55,6172,140.27,178,4.05,517,11.75,2853.21,64.85,1740.34,39.55,18022,409.59,13893,315.75,2241,50.93,1628.67,23884888,542838.38,5635.4,128.08,7561.98,171.86,2390.74,54.33,9332.62,212.1,5711.46,129.81,544.05,12.36,137.67,3.13,0.15,907,20.61,4702,106.86,5626.8,127.88,4828.36,109.74,10759.75,244.54,10089.74,229.31,5498.39,124.96,7541.54,171.4,4766.2,108.32,3280.36,74.55,34,0.77,25,0.57
EPIC GAMERS,Samara,1,1,100.00,4,4,0,0,0,0,0,0,0,0,2,2,0,0,0,0,0,221,11.32,60,60,0,0,60,60,0,0,5,5,12,12,0,0,12,12,0,0,1,1,9.37,9.37,0,0,0,0,0,0,0,0,1103,30691,30691,19.71,19.71,8.6,8.6,0.07,0.07,26.15,26.15,2.24,2.24,0,0,0.18,0.18,0.18,1,1,12.5,12.5,9.1,9.1,9.94,9.94,18.44,18.44,20.7,20.7,7.68,7.68,15.86,15.86,12.46,12.46,0.07,0.07,0,0,0,0
ALT+F4,ScootleBoot,48,32,66.67,17281,360.02,42,0.88,37,0.77,59,1.23,124,2.58,307,6.4,87,1.81,28,0.58,33.87,307.02,47.43,88245,1838.44,57652,1201.08,30593,637.35,684,14.25,2593,54.02,20319,423.31,10868,226.42,9451,196.9,130,2.71,799,16.65,1528.65,31.85,1772.09,36.92,5963,124.23,9166,190.96,1656,34.5,1389.56,23064272,480505.66,9960.82,207.52,6248.17,130.17,1431.85,29.83,11375.36,236.99,5739.68,119.58,525.78,10.95,322.27,6.71,0.16,1971,41.06,6243.2,130.07,5465.7,113.87,4185.05,87.19,13455.75,280.33,11424.27,238.01,6216.61,129.51,8560.1,178.34,5499.7,114.58,3581.04,74.6,30,0.62,29,0.6
LEBELT,Senor Brightside,57,41,71.93,18946,332.39,54,0.95,47,0.82,53,0.93,147,2.58,377,6.61,97,1.7,24,0.42,36.73,352.14,48.82,119753,2100.93,80264,1408.14,39489,692.79,984,17.26,3387,59.42,22447,393.81,11237,197.14,11210,196.67,147,2.58,969,17,2227.45,39.08,1892.95,33.21,11421,200.37,18179,318.93,3409,59.81,1413.36,27349832,479821.62,10965.36,192.37,8018.8,140.68,1589.69,27.89,13523.77,237.26,6670.58,117.03,379.57,6.66,529.41,9.29,0.14,3667,64.33,6099.5,107.01,7227.6,126.8,5984.13,104.98,14589.82,255.96,13019.33,228.41,7554.64,132.54,9527.63,167.15,6490.83,113.87,4555.48,79.92,31,0.54,46,0.81
GRANDPLATS,Sheaf Keef,9,3,33.33,2251,250.11,3,0.33,2,0.22,10,1.11,14,1.56,71,7.89,27,3,7,0.78,21.43,303.71,48.81,15854,1761.56,11291,1254.56,4563,507,134,14.89,376,41.78,1837,204.11,1049,116.56,788,87.56,13,1.44,70,7.78,414.79,46.09,325,36.11,1667,185.22,2027,225.22,279,31,1374.66,4009553,445505.88,1724.04,191.56,1185.86,131.76,204.11,22.68,1930.16,214.46,1070.7,118.97,113.16,12.57,72.33,8.04,0.19,394,43.78,1246.2,138.47,826,91.78,823.04,91.45,2290.97,254.55,2322.93,258.1,791.12,87.9,1883.36,209.26,819.26,91.03,411.4,45.71,3,0.33,8,0.89
Kameron with a C & Steve & Muffled,Steve,49,27,55.10,21493,438.63,50,1.02,36,0.73,68,1.39,187,3.82,337,6.88,109,2.22,54,1.1,26.74,414.74,46.49,120819,2465.69,92933,1896.59,27886,569.1,1075,21.94,2409,49.16,22624,461.71,14740,300.82,7884,160.9,177,3.61,674,13.76,2663.68,54.36,1401.6,28.6,17455,356.22,11637,237.49,1956,39.92,1594.52,26719104,545287.81,7326.65,149.52,7498.38,153.03,2995.94,61.14,10147.31,207.09,7015.31,143.17,658.42,13.44,290.92,5.94,0.14,2150,43.88,5852.9,119.45,5721.6,116.77,4575.52,93.38,13245.59,270.32,11493.18,234.55,6327.83,129.14,8530.02,174.08,5504.32,112.33,3786.72,77.28,32,0.65,52,1.06
TEAM GEORGE,Swan Song,52,22,42.31,13766,264.73,38,0.73,19,0.37,37,0.71,117,2.25,376,7.23,131,2.52,45,0.87,32.48,358.53,51.42,107719,2071.52,82743,1591.21,24976,480.31,971,18.67,2134,41.04,24547,472.06,15805,303.94,8742,168.12,184,3.54,733,14.1,2363.79,45.46,3223.34,61.99,13711,263.67,14492,278.69,2618,50.35,1468.25,25621284,492717,9103.58,175.07,7535.34,144.91,1890.84,36.36,9969.74,191.73,7422.92,142.75,1137.14,21.87,346.01,6.65,0.18,1959,37.67,4168,80.15,7301.1,140.41,6541.13,125.79,11988.7,230.55,11083.42,213.14,7446.27,143.2,8096.2,155.7,5800.74,111.55,4632.85,89.09,25,0.48,42,0.81
PEPPA PIGS,Terminator,50,27,54.00,16459,329.18,40,0.8,24,0.48,59,1.18,128,2.56,316,6.32,107,2.14,39,0.78,31.25,366.13,48.1,107732,2154.64,72396,1447.92,35336,706.72,865,17.3,3058,61.16,25739,514.78,16226,324.52,9513,190.26,190,3.8,824,16.48,2188.33,43.77,1437.6,28.75,9835,196.7,14180,283.6,2812,56.24,1511.26,25333490,506669.81,8126.78,162.54,7803.62,156.07,1874.74,37.49,10422.77,208.46,6817.7,136.35,564.76,11.3,378.4,7.57,0.12,3122,62.44,5551.9,111.04,5561.2,111.22,4873.64,97.47,12931.51,258.63,11191.07,223.82,6614.04,132.28,8178.18,163.56,5736.37,114.73,3890.48,77.81,49,0.98,42,0.84
CLUELESS,The Monkey Dude,53,24,45.28,9971,188.13,18,0.34,20,0.38,47,0.89,50,0.94,397,7.49,142,2.68,36,0.68,36,272.35,53.09,89139,1681.87,58021,1094.74,31118,587.13,761,14.36,2706,51.06,14250,268.87,6015,113.49,8235,155.38,85,1.6,707,13.34,1652.07,31.17,1966.54,37.1,15551,293.42,18723,353.26,2465,46.51,1499.27,27217476,513537.28,9006.95,169.94,8452.74,159.49,1914.58,36.12,12161.99,229.47,6851.27,129.27,361.04,6.81,359.52,6.78,0.11,3252,61.36,7755.3,146.33,5604.5,105.75,5247.42,99.01,14126.85,266.54,13517.64,255.05,5856.64,110.5,10290.91,194.17,5878.33,110.91,3205.06,60.47,27,0.51,43,0.81
EPIC GAMERS,Toucan Tank: Sith Lord,52,32,61.54,18769,360.94,49,0.94,40,0.77,71,1.37,129,2.48,385,7.4,133,2.56,44,0.85,37.98,426,48.66,135076,2597.62,107454,2066.42,27622,531.19,1254,24.12,2342,45.04,20661,397.33,13039,250.75,7622,146.58,152,2.92,636,12.23,2987.71,57.46,1797.02,34.56,20941,402.71,14323,275.44,1463,28.13,1592.01,28490600,547896.12,7850.28,150.97,8393.46,161.41,2943.13,56.6,11311.76,217.53,7378.1,141.89,497.07,9.56,473.16,9.1,0.11,4272,82.15,7039.4,135.37,5683.9,109.31,4671.91,89.84,14514.94,279.13,13078.94,251.52,6107.93,117.46,9992.62,192.17,5742.86,110.44,3451.34,66.37,48,0.92,39,0.75
LEBELT,adamamango,57,41,71.93,18949,332.44,44,0.77,28,0.49,73,1.28,130,2.28,377,6.61,97,1.7,33,0.58,33.85,311.89,51.18,108417,1902.05,76076,1334.67,32341,567.39,905,15.88,2814,49.37,22460,394.04,14385,252.37,8075,141.67,171,3,700,12.28,2300.18,40.35,2056.8,36.08,8727,153.11,14314,251.12,2462,43.19,1425.18,27586402,483971.97,10526.83,184.68,8255.35,144.83,1799.31,31.57,11993.33,210.41,7891.71,138.45,696.47,12.22,368.27,6.46,0.16,2347,41.18,7739.6,135.78,6341.7,111.26,5293.8,92.87,15287.68,268.2,13580.61,238.26,7000.94,122.82,9952.67,174.61,6795.73,119.22,3833.11,67.25,24,0.42,47,0.82
GRANDPLATS,bob1booey,30,12,40.00,10502,350.07,23,0.77,15,0.5,33,1.1,72,2.4,239,7.97,80,2.67,31,1.03,31.94,446.39,45.49,76128,2537.6,58580,1952.67,17548,584.93,673,22.43,1504,50.13,16145,538.17,10469,348.97,5676,189.2,123,4.1,492,16.4,1768.43,58.95,804.08,26.8,12813,427.1,8181,272.7,1812,60.4,1540.25,15436609,514553.62,4737.24,157.91,4175.85,139.19,1751.21,58.37,5802.11,193.4,4383.72,146.12,478.5,15.95,126.59,4.22,0.13,955,31.83,3118.9,103.96,3808.9,126.96,3398.01,113.27,7266.35,242.21,6761.48,225.38,3902.75,130.09,5055.77,168.53,3258.12,108.6,2350.47,78.35,26,0.87,23,0.77
ALT+F4,casillas361,48,32,66.67,6994,145.71,11,0.23,14,0.29,24,0.5,53,1.1,307,6.4,87,1.81,24,0.5,20.75,315.27,42.97,91018,1896.21,63314,1319.04,27704,577.17,731,15.23,2325,48.44,12814,266.96,5877,122.44,6937,144.52,71,1.48,572,11.92,3513.72,73.2,1287.88,26.83,27248,567.67,9556,199.08,1167,24.31,1485.95,24650900,513560.41,8573.36,178.61,7334.83,152.81,1719.86,35.83,12330.68,256.89,4953.38,103.2,344.04,7.17,380.54,7.93,0.11,3532,73.58,6211.5,129.41,5013.4,104.45,4284.78,89.27,13343.25,277.98,12183.26,253.82,5444.82,113.43,9310.09,193.96,5194.35,108.22,3123.67,65.08,22,0.46,34,0.71
GRANDPLATS,cheekymcspreads,31,14,45.16,12152,392,38,1.23,17,0.55,39,1.26,80,2.58,234,7.55,80,2.58,31,1,47.5,323.96,50.23,60228,1942.84,44655,1440.48,15573,502.35,550,17.74,1368,44.13,12805,413.06,7970,257.1,4835,155.97,101,3.26,426,13.74,1059.21,34.17,1446.46,46.66,8258,266.39,10365,334.35,2094,67.55,1461.62,15385710,496313.22,5781.35,186.5,4421.39,142.63,1062.06,34.26,6813.97,219.81,3861.19,124.55,589.64,19.02,183.13,5.91,0.13,1463,47.19,3678.9,118.67,3458.6,111.57,3395.33,109.53,7869.5,253.85,7159.12,230.94,4105.61,132.44,5461.81,176.19,3294.1,106.26,2508.91,80.93,20,0.65,21,0.68
BBQ PRINGLES,fireyleemurs,44,18,40.91,9848,223.82,17,0.39,19,0.43,38,0.86,74,1.68,321,7.3,115,2.61,37,0.84,22.97,364.01,51.06,94288,2142.91,69206,1572.86,25082,570.05,832,18.91,2131,48.43,13244,301,7174,163.05,6070,137.95,86,1.95,525,11.93,1847.27,41.98,1483.59,33.72,8497,193.11,14029,318.84,1335,30.34,1490.15,21595896,490815.81,7566.03,171.96,6160.13,140,1710.74,38.88,9940.84,225.93,5067.07,115.16,429.05,9.75,381.26,8.66,0.13,3014,68.5,5791.3,131.62,4533.2,103.03,4095.95,93.09,11340.97,257.75,10812.06,245.73,4624.84,105.11,8301.61,188.67,4586.95,104.25,2548.35,57.92,31,0.7,23,0.52
GRANDPLATS,i-do-it,43,17,39.53,11348,263.91,23,0.53,18,0.42,43,1,83,1.93,342,7.95,117,2.72,36,0.84,27.71,379.53,45.43,94007,2186.21,62181,1446.07,31826,740.14,713,16.58,2741,63.74,17910,416.51,10166,236.42,7744,180.09,115,2.67,675,15.7,1974.52,45.92,812.24,18.89,10744,249.86,7539,175.33,1058,24.6,1536.07,22301102,518630.28,6890.41,160.24,6783.41,157.75,1772.95,41.23,9196.49,213.87,5785.58,134.55,464.66,10.81,580.4,13.5,0.11,5381,125.14,5366.6,124.8,4889.1,113.7,4759.19,110.68,10687.49,248.55,10456.79,243.18,4989.93,116.04,7799.26,181.38,4893.35,113.8,2754.12,64.05,31,0.72,40,0.93
SAVAGE MODE,invincible,3,0,0.00,1113,371,0,0,0,0,7,2.33,5,1.67,32,10.67,11,3.67,1,0.33,0,415.91,57.39,7492,2497.33,5586,1862,1906,635.33,69,23,177,59,2028,676,1449,483,579,193,16,5.33,53,17.67,100.84,33.61,83.24,27.75,1296,432,1392,464,160,53.33,1556.49,1514636,504878.66,447.81,149.27,434.99,145,143.53,47.84,625.65,208.55,362.52,120.84,38.18,12.73,27.59,9.2,0.14,197,65.67,299.6,99.87,352.5,117.5,360.56,120.19,665.78,221.93,658.5,219.5,367.84,122.61,502.66,167.55,299.41,99.8,224.26,74.75,5,1.67,0,0
INFINITE ISSUES,nsdlakers4,51,17,33.33,17357,340.33,34,0.67,28,0.55,60,1.18,120,2.35,426,8.35,133,2.61,45,0.88,28.33,448.41,52.98,134262,2632.59,107983,2117.31,26279,515.27,1329,26.06,2247,44.06,27528,539.76,20017,392.49,7511,147.27,238,4.67,639,12.53,2123.07,41.63,1624.49,31.85,23991,470.41,24666,483.65,3787,74.25,1603.8,27509184,539395.75,7377.21,144.65,7579.45,148.62,3204.29,62.83,10097.29,197.99,7318.5,143.5,745.21,14.61,376.45,7.38,0.12,3195,62.65,4913.6,96.35,6484.7,127.15,5616.43,110.13,12544.58,245.97,11905.2,233.44,6255.8,122.66,8980.17,176.08,5468.58,107.23,3712.25,72.79,63,1.24,35,0.69
GRANDPLATS,sheaf keef,3,0,0.00,795,265,0,0,0,0,6,2,1,0.33,37,12.33,10,3.33,3,1,0,307.07,45.62,5391,1797,3805,1268.33,1586,528.67,45,15,135,45,367,122.33,124,41.33,243,81,2,0.67,21,7,170.95,56.98,64.46,21.49,340,113.33,692,230.67,75,25,1348.4,1411282,470427.34,628.86,209.62,404.39,134.8,71.89,23.96,701.66,233.89,356.84,118.95,46.65,15.55,34.01,11.34,0.23,146,48.67,440.9,146.97,297.6,99.2,281.4,93.8,823.74,274.58,844.93,281.64,260.23,86.74,701.34,233.78,277.89,92.63,125.93,41.98,2,0.67,1,0.33
TEAM GEORGE,shima,8,2,25.00,1842,230.25,2,0.25,6,0.75,5,0.62,12,1.5,68,8.5,19,2.38,4,0.5,16.67,284.13,44.06,13134,1641.75,7400,925,5734,716.75,88,11,488,61,2731,341.38,1507,188.38,1224,153,18,2.25,106,13.25,384.27,48.03,231.81,28.98,1415,176.88,1392,174,298,37.25,1333.57,3403165,425395.62,1605.35,200.67,921.03,115.13,172.68,21.58,1691.04,211.38,944.19,118.02,63.79,7.97,91.26,11.41,0.14,632,79,1002.5,125.31,852.8,106.6,756.06,94.51,1942.99,242.87,1888.55,236.07,810.51,101.31,1504.9,188.11,721.31,90.16,472.86,59.11,5,0.62,7,0.88
SAVAGE MODE,wet toast,56,23,41.07,18338,327.46,43,0.77,27,0.48,68,1.21,120,2.14,384,6.86,150,2.68,52,0.93,35.83,288.74,50.85,94765,1692.23,59080,1055,35685,637.23,734,13.11,3192,57,20883,372.91,10922,195.04,9961,177.88,145,2.59,888,15.86,1200.44,21.44,1492.14,26.65,6602,117.89,11613,207.38,2518,44.96,1398.5,26122904,466480.44,11224.71,200.44,6983.59,124.71,1758.32,31.4,11278.73,201.41,7888.16,140.86,799.76,14.28,573.75,10.25,0.11,5022,89.68,7068.4,126.22,6114,109.18,5720.83,102.16,14245.83,254.39,13237.21,236.38,6729.37,120.17,10066.01,179.75,5927.14,105.84,3973.51,70.96,49,0.88,43,0.77
